insert into Language (name, number) values ('C#', '1');
insert into Language (name, number) values ('VB.NET', '2');
insert into Language (name, number) values ('F#', '3');
insert into Language (name, number) values ('Java', '4');
insert into Language (name, number) values ('Python', '5');
insert into Language (name, number) values ('C (gcc)', '6');
insert into Language (name, number) values ('C++ (gcc)', '7');
insert into Language (name, number) values ('Php', '8');
insert into Language (name, number) values ('Pascal', '9');
insert into Language (name, number) values ('Objective-C', '10');
insert into Language (name, number) values ('Haskell', '11');
insert into Language (name, number) values ('Ruby', '12');
insert into Language (name, number) values ('Perl', '13');
insert into Language (name, number) values ('Lua', '14');
insert into Language (name, number) values ('Nasm', '15');
insert into Language (name, number) values ('Sql Server', '16');
insert into Language (name, number) values ('Javascript', '17');
insert into Language (name, number) values ('Lisp', '18');
insert into Language (name, number) values ('Prolog', '19');
insert into Language (name, number) values ('Go', '20');
insert into Language (name, number) values ('Scala', '21');
insert into Language (name, number) values ('Scheme', '22');
insert into Language (name, number) values ('Node.js', '23');
insert into Language (name, number) values ('Python 3', '24');
insert into Language (name, number) values ('Octave', '25');
insert into Language (name, number) values ('C (clang)', '26');
insert into Language (name, number) values ('C++ (clang)', '27');
;insert into Language (name, number) values ('C++ (vc++)', '28');
insert into Language (name, number) values ('C (vc)', '29');
insert into Language (name, number) values ('D', '30');
insert into Language (name, number) values ('R', '31');
insert into Language (name, number) values ('Tcl', '32');
insert into Language (name, number) values ('MySQL', '33');
insert into Language (name, number) values ('PostgreSQL', '34');
insert into Language (name, number) values ('Oracle', '35');
insert into Language (name, number) values ('Swift', '37');
insert into Language (name, number) values ('Bash', '38');
insert into Language (name, number) values ('Ada', '39');
insert into Language (name, number) values ('Erlang', '40');
insert into Language (name, number) values ('Elixir', '41');
insert into Language (name, number) values ('Ocaml', '42');
insert into Language (name, number) values ('Kotlin', '43');
insert into Language (name, number) values ('Brainf***', '44');
insert into Language (name, number) values ('Fortran', '45');
insert into Language (name, number) values ('Rust', '46');
insert into Language (name, number) values ('Clojure', '47');

INSERT INTO PRE_LOADED_TASK(COMPILER_ARGS,DESCRIPTION,INPUT,OUTPUT,LANGUAGE_NUMBER)VALUES
('','Write a java program to swap two numbers without using third variable','7 9','Before Swap A=7 and B=9
After Swap A=9 and B=7','1');

INSERT INTO PRE_LOADED_TASK(COMPILER_ARGS,DESCRIPTION,INPUT,OUTPUT,LANGUAGE_NUMBER)VALUES
('','Write a java program to swap two numbers without using third variable','7 9','Before Swap A=7 and B=9
After Swap A=9 and B=7','4');

INSERT INTO PRE_LOADED_TASK(COMPILER_ARGS,DESCRIPTION,INPUT,OUTPUT,LANGUAGE_NUMBER)VALUES
('','Write a java program to swap two numbers without using third variable','7 9','Before Swap A=7 and B=9
After Swap A=9 and B=7','5');

INSERT INTO PRE_LOADED_TASK(COMPILER_ARGS,DESCRIPTION,INPUT,OUTPUT,LANGUAGE_NUMBER)VALUES
('','Write a java program to swap two numbers without using third variable','7 9','Before Swap A=7 and B=9
After Swap A=9 and B=7','17');

INSERT INTO PRE_LOADED_TASK(COMPILER_ARGS,DESCRIPTION,INPUT,OUTPUT,LANGUAGE_NUMBER)VALUES
('','Write a java program to swap two numbers without using third variable','7 9','Before Swap A=7 and B=9
After Swap A=9 and B=7','23');

INSERT INTO PRE_LOADED_TASK(COMPILER_ARGS,DESCRIPTION,INPUT,OUTPUT,LANGUAGE_NUMBER)VALUES
('','Write a java program to swap two numbers without using third variable','7 9','Before Swap A=7 and B=9
After Swap A=9 and B=7','20');

INSERT INTO PRE_LOADED_TASK(COMPILER_ARGS,DESCRIPTION,INPUT,OUTPUT,LANGUAGE_NUMBER)VALUES
('','Write a java program to swap two numbers without using third variable','7 9','Before Swap A=7 and B=9
After Swap A=9 and B=7','38');

INSERT INTO PRE_LOADED_TASK(COMPILER_ARGS,DESCRIPTION,INPUT,OUTPUT,LANGUAGE_NUMBER)VALUES
('','To Check Whether a NumberIs Prime or Not','7','Is a Prime Number','1');

INSERT INTO PRE_LOADED_TASK(COMPILER_ARGS,DESCRIPTION,INPUT,OUTPUT,LANGUAGE_NUMBER)VALUES
('','To Check Whether a NumberIs Prime or Not','7','Is a Prime Number','4');

INSERT INTO PRE_LOADED_TASK(COMPILER_ARGS,DESCRIPTION,INPUT,OUTPUT,LANGUAGE_NUMBER)VALUES
('','To Check Whether a NumberIs Prime or Not','7','Is a Prime Number','5');

INSERT INTO PRE_LOADED_TASK(COMPILER_ARGS,DESCRIPTION,INPUT,OUTPUT,LANGUAGE_NUMBER)VALUES
('','To Check Whether a NumberIs Prime or Not','7','Is a Prime Number','17');

INSERT INTO PRE_LOADED_TASK(COMPILER_ARGS,DESCRIPTION,INPUT,OUTPUT,LANGUAGE_NUMBER)VALUES
('','To Check Whether a NumberIs Prime or Not','7','Is a Prime Number','23');

INSERT INTO PRE_LOADED_TASK(COMPILER_ARGS,DESCRIPTION,INPUT,OUTPUT,LANGUAGE_NUMBER)VALUES
('','To Check Whether a NumberIs Prime or Not','7','Is a Prime Number','20');

INSERT INTO PRE_LOADED_TASK(COMPILER_ARGS,DESCRIPTION,INPUT,OUTPUT,LANGUAGE_NUMBER)VALUES
('','To Check Whether a NumberIs Prime or Not','7','Is a Prime Number','38');

INSERT INTO PRE_LOADED_TASK(COMPILER_ARGS,DESCRIPTION,INPUT,OUTPUT,LANGUAGE_NUMBER)VALUES
('','Program to display Fibonacci series using loops','count=10','0 1 1 2 3 5 8 13 21 34','1');

INSERT INTO PRE_LOADED_TASK(COMPILER_ARGS,DESCRIPTION,INPUT,OUTPUT,LANGUAGE_NUMBER)VALUES
('','Program to display Fibonacci series using loops','count=10','0 1 1 2 3 5 8 13 21 34','4');

INSERT INTO PRE_LOADED_TASK(COMPILER_ARGS,DESCRIPTION,INPUT,OUTPUT,LANGUAGE_NUMBER)VALUES
('','Program to display Fibonacci series using loops','count=10','0 1 1 2 3 5 8 13 21 34','5');

INSERT INTO PRE_LOADED_TASK(COMPILER_ARGS,DESCRIPTION,INPUT,OUTPUT,LANGUAGE_NUMBER)VALUES
('','Program to display Fibonacci series using loops','count=10','0 1 1 2 3 5 8 13 21 34','17');

INSERT INTO PRE_LOADED_TASK(COMPILER_ARGS,DESCRIPTION,INPUT,OUTPUT,LANGUAGE_NUMBER)VALUES
('','Program to display Fibonacci series using loops','count=10','0 1 1 2 3 5 8 13 21 34','23');

INSERT INTO PRE_LOADED_TASK(COMPILER_ARGS,DESCRIPTION,INPUT,OUTPUT,LANGUAGE_NUMBER)VALUES
('','Program to display Fibonacci series using loops','count=10','0 1 1 2 3 5 8 13 21 34','20');

INSERT INTO PRE_LOADED_TASK(COMPILER_ARGS,DESCRIPTION,INPUT,OUTPUT,LANGUAGE_NUMBER)VALUES
('','Program to display Fibonacci series using loops','count=10','0 1 1 2 3 5 8 13 21 34','38');

INSERT INTO PRE_LOADED_TASK(COMPILER_ARGS,DESCRIPTION,INPUT,OUTPUT,LANGUAGE_NUMBER)VALUES
('','Program to find Factorial using loops','4!','24','1');

INSERT INTO PRE_LOADED_TASK(COMPILER_ARGS,DESCRIPTION,INPUT,OUTPUT,LANGUAGE_NUMBER)VALUES
('','Program to find Factorial using loops','4!','24','4');

INSERT INTO PRE_LOADED_TASK(COMPILER_ARGS,DESCRIPTION,INPUT,OUTPUT,LANGUAGE_NUMBER)VALUES
('','Program to find Factorial using loops','4!','24','5');

INSERT INTO PRE_LOADED_TASK(COMPILER_ARGS,DESCRIPTION,INPUT,OUTPUT,LANGUAGE_NUMBER)VALUES
('','Program to find Factorial using loops','4!','24','17');

INSERT INTO PRE_LOADED_TASK(COMPILER_ARGS,DESCRIPTION,INPUT,OUTPUT,LANGUAGE_NUMBER)VALUES
('','Program to find Factorial using loops','4!','24','23');

INSERT INTO PRE_LOADED_TASK(COMPILER_ARGS,DESCRIPTION,INPUT,OUTPUT,LANGUAGE_NUMBER)VALUES
('','Program to find Factorial using loops','4!','24','20');

INSERT INTO PRE_LOADED_TASK(COMPILER_ARGS,DESCRIPTION,INPUT,OUTPUT,LANGUAGE_NUMBER)VALUES
('','Program to find Factorial using loops','4!','24','38');

INSERT INTO PRE_LOADED_TASK(COMPILER_ARGS,DESCRIPTION,INPUT,OUTPUT,LANGUAGE_NUMBER)VALUES
('','Program to find Area of Geometric figures','10,22','Area of the square: 37.21 sq units','1');

INSERT INTO PRE_LOADED_TASK(COMPILER_ARGS,DESCRIPTION,INPUT,OUTPUT,LANGUAGE_NUMBER)VALUES
('','Program to find Area of Geometric figures','10,22','Area of the square: 37.21 sq units','4');

INSERT INTO PRE_LOADED_TASK(COMPILER_ARGS,DESCRIPTION,INPUT,OUTPUT,LANGUAGE_NUMBER)VALUES
('','Program to find Area of Geometric figures','10,22','Area of the square: 37.21 sq units','5');

INSERT INTO PRE_LOADED_TASK(COMPILER_ARGS,DESCRIPTION,INPUT,OUTPUT,LANGUAGE_NUMBER)VALUES
('','Program to find Area of Geometric figures','10,22','Area of the square: 37.21 sq units','17');

INSERT INTO PRE_LOADED_TASK(COMPILER_ARGS,DESCRIPTION,INPUT,OUTPUT,LANGUAGE_NUMBER)VALUES
('','Program to find Area of Geometric figures','10,22','Area of the square: 37.21 sq units','23');

INSERT INTO PRE_LOADED_TASK(COMPILER_ARGS,DESCRIPTION,INPUT,OUTPUT,LANGUAGE_NUMBER)VALUES
('','Program to find Area of Geometric figures','10,22','Area of the square: 37.21 sq units','20');

INSERT INTO PRE_LOADED_TASK(COMPILER_ARGS,DESCRIPTION,INPUT,OUTPUT,LANGUAGE_NUMBER)VALUES
('','Program to find Area of Geometric figures','10,22','Area of the square: 37.21 sq units','38');



INSERT INTO PLAYER (NICK_NAME, NAME, EMAIL_ID) values ('john', 'john','john@gmail.com');
INSERT INTO PLAYER (NICK_NAME, NAME, EMAIL_ID) values ('john2', 'john  ','john@yahoo.com');
INSERT INTO PLAYER (NICK_NAME, NAME, EMAIL_ID) values ('john1', 'john  ','john@icloud.com');

INSERT INTO PLAYER (NICK_NAME, NAME, EMAIL_ID) values ('mac', 'mac','mac@gmail.com');
INSERT INTO PLAYER (NICK_NAME, NAME, EMAIL_ID) values ('mac2', 'mac  ','mac@yahoo.com');
INSERT INTO PLAYER (NICK_NAME, NAME, EMAIL_ID) values ('mac1', 'mac  ','mac@icloud.com');

INSERT INTO PLAYER (NICK_NAME, NAME, EMAIL_ID) values ('maria', 'maria','maria@gmail.com');
INSERT INTO PLAYER (NICK_NAME, NAME, EMAIL_ID) values ('maria2', 'maria  ','maria@yahoo.com');
INSERT INTO PLAYER (NICK_NAME, NAME, EMAIL_ID) values ('maria1', 'maria  ','maria@icloud.com');

INSERT INTO PLAYER (NICK_NAME, NAME, EMAIL_ID) values ('alexa', 'alexa','alexa@gmail.com');
INSERT INTO PLAYER (NICK_NAME, NAME, EMAIL_ID) values ('alexa2', 'alexa  ','alexa@yahoo.com');
INSERT INTO PLAYER (NICK_NAME, NAME, EMAIL_ID) values ('alexa1', 'alexa  ','alexa@icloud.com');

INSERT INTO PLAYER (NICK_NAME, NAME, EMAIL_ID) values ('Amit', 'amit','amit@gmail.com');
INSERT INTO PLAYER (NICK_NAME, NAME, EMAIL_ID) values ('Sinha', 'sinha  ','sinha@yahoo.com');
INSERT INTO PLAYER (NICK_NAME, NAME, EMAIL_ID) values ('Kumar', 'kumar  ','kumar@icloud.com');

INSERT INTO TASK_STATUS(LANGUAGE_NUMBER,NICK_NAME,PRE_LOADED_TASK_ID,STATUS)VALUES('24','john','4','COMPLETED');
INSERT INTO TASK_STATUS(LANGUAGE_NUMBER,NICK_NAME,PRE_LOADED_TASK_ID,STATUS)VALUES('24','maria','4','COMPLETED');
INSERT INTO TASK_STATUS(LANGUAGE_NUMBER,NICK_NAME,PRE_LOADED_TASK_ID,STATUS)VALUES('24','alexa','4','COMPLETED');
INSERT INTO TASK_STATUS(LANGUAGE_NUMBER,NICK_NAME,PRE_LOADED_TASK_ID,STATUS)VALUES('24','mac','4','COMPLETED');

INSERT INTO TASK_STATUS(LANGUAGE_NUMBER,NICK_NAME,PRE_LOADED_TASK_ID,STATUS)VALUES('24','john1','4','COMPLETED');
INSERT INTO TASK_STATUS(LANGUAGE_NUMBER,NICK_NAME,PRE_LOADED_TASK_ID,STATUS )VALUES('24','maria1','4','COMPLETED');
INSERT INTO TASK_STATUS(LANGUAGE_NUMBER,NICK_NAME,PRE_LOADED_TASK_ID,STATUS)VALUES('24','alexa2','4','COMPLETED');
INSERT INTO TASK_STATUS(LANGUAGE_NUMBER,NICK_NAME,PRE_LOADED_TASK_ID,STATUS)VALUES('24','mac2','4','COMPLETED');

INSERT INTO TASK_STATUS(LANGUAGE_NUMBER,NICK_NAME,PRE_LOADED_TASK_ID,STATUS )VALUES('1','Amit','4','COMPLETED');
INSERT INTO TASK_STATUS(LANGUAGE_NUMBER,NICK_NAME,PRE_LOADED_TASK_ID,STATUS )VALUES('4','Amit','4','COMPLETED');
INSERT INTO TASK_STATUS(LANGUAGE_NUMBER,NICK_NAME,PRE_LOADED_TASK_ID,STATUS )VALUES('5','Amit','4','COMPLETED');
INSERT INTO TASK_STATUS(LANGUAGE_NUMBER,NICK_NAME,PRE_LOADED_TASK_ID,STATUS )VALUES('17','Amit','4','COMPLETED');
INSERT INTO TASK_STATUS(LANGUAGE_NUMBER,NICK_NAME,PRE_LOADED_TASK_ID,STATUS )VALUES('20','Amit','4','COMPLETED');
INSERT INTO TASK_STATUS(LANGUAGE_NUMBER,NICK_NAME,PRE_LOADED_TASK_ID,STATUS )VALUES('23','Amit','4','COMPLETED');
INSERT INTO TASK_STATUS(LANGUAGE_NUMBER,NICK_NAME,PRE_LOADED_TASK_ID,STATUS )VALUES('38','Amit','4','COMPLETED');

INSERT INTO TASK_STATUS(LANGUAGE_NUMBER,NICK_NAME,PRE_LOADED_TASK_ID,STATUS )VALUES('1','Sinha','4','COMPLETED');
INSERT INTO TASK_STATUS(LANGUAGE_NUMBER,NICK_NAME,PRE_LOADED_TASK_ID,STATUS )VALUES('4','Sinha','4','COMPLETED');
INSERT INTO TASK_STATUS(LANGUAGE_NUMBER,NICK_NAME,PRE_LOADED_TASK_ID,STATUS )VALUES('5','Sinha','4','COMPLETED');
INSERT INTO TASK_STATUS(LANGUAGE_NUMBER,NICK_NAME,PRE_LOADED_TASK_ID,STATUS )VALUES('17','Sinha','4','COMPLETED');
INSERT INTO TASK_STATUS(LANGUAGE_NUMBER,NICK_NAME,PRE_LOADED_TASK_ID,STATUS )VALUES('20','Sinha','4','COMPLETED');
INSERT INTO TASK_STATUS(LANGUAGE_NUMBER,NICK_NAME,PRE_LOADED_TASK_ID,STATUS )VALUES('23','Sinha','4','COMPLETED');

INSERT INTO TASK_STATUS(LANGUAGE_NUMBER,NICK_NAME,PRE_LOADED_TASK_ID,STATUS )VALUES('5','Kumar','4','COMPLETED');
INSERT INTO TASK_STATUS(LANGUAGE_NUMBER,NICK_NAME,PRE_LOADED_TASK_ID,STATUS )VALUES('17','Kumar','4','COMPLETED');
INSERT INTO TASK_STATUS(LANGUAGE_NUMBER,NICK_NAME,PRE_LOADED_TASK_ID,STATUS )VALUES('20','Kumar','4','COMPLETED');
INSERT INTO TASK_STATUS(LANGUAGE_NUMBER,NICK_NAME,PRE_LOADED_TASK_ID,STATUS )VALUES('23','Kumar','4','COMPLETED');
INSERT INTO TASK_STATUS(LANGUAGE_NUMBER,NICK_NAME,PRE_LOADED_TASK_ID,STATUS )VALUES('38','Kumar','4','COMPLETED');




